sample_ids,pheno1,pheno2,pheno3
9378,7.912418864220712,11.117435967076393,8.7261535908473
9367,12.654742999671992,,7.996823710680352
9356,8.640117163075722,,7.88970067625748
9355,5.192366453676575,,5.946987767956953
9354,,,7.778363506905187
9351,,3.2682972544683624,7.466504499744654
9344,11.45693119502294,12.073569333315708,4.5008499607049846
9482,,,11.698297246624932
9472,,,9.635963054538898
9469,,8.329299465343345,4.468380317738956
9419,,14.505388924728711,9.063896841940622
9418,10.039116899818076,,5.287029487738752
9349,,,7.321490717113907
9446,,6.5779974648904656,7.182859050940449
9443,,7.938176777839113,6.796471267406709
996,,,7.29511503598639
1068,,,9.819669950960892
1026,,,10.846063524771395
1585,,,5.438134669239806
1435,,5.837923700960977,16.10551238186755
1169,,13.510227232501585,10.678114499181929
1075,,,5.884806002423584
1132,,11.300184057387828,7.272052858614677
1064,,,5.37750736536644
1247,,,1.662031494694967
1391,,9.738322151813648,7.572346561621822
1374,13.062288389776338,10.233972849199631,1.5832603837826973
1318,,,1.8678891099754196
1163,,5.980588273332579,7.716397150402216
1153,,12.300538372550063,7.324417199894759
1073,,7.539150685669989,13.35885401963396
1072,,,7.819187635140762
394,,,6.275212004649344
7,,7.013229693751785,12.631457971273768
203,6.303102361766825,13.455830066019168,8.944665143521133
236,13.85934308339476,8.917095557741543,2.9551086279970287
367,,,5.531270768394673
123,,8.701188952816114,6.130317141757876
395,,7.414704371382248,2.9371157985441485
196,,,4.822071546846649
264,11.70510575274288,7.37634038870056,11.429753796080345
185,,4.912172643947856,6.441235548876741
297,,,8.366046622373345
318,9.92878424988606,,9.265854034159975
323,,,8.291789130169256
79,12.680294126329883,8.281898751128274,7.196200885301346
198,,,10.925619539096068
371,,,6.627834827230659
280,,14.163152476098537,6.409174383832003
12,12.918591924672588,,8.532935082939764
347,,,8.969678684201353
268,,,8.831515615885278
288,12.794566134109656,,5.883232280896213
377,,7.010742105653856,7.845002219821241
252,10.48669453973842,,7.13290325532447
296,10.2611606629339,,7.172493451729577
341,,10.461839796327268,6.921597364354563
156,,,11.725409021086463
397,,11.79221613212529,6.766468523017316
263,,9.794984544813,8.951431543044082
48,,3.5980154672937967,12.748936290476257
45,,,10.746478414425228
210,,8.813547068633554,
83,,,10.1426956072361
372,,,9.844319504955608
393,8.902752209167526,9.079694457570598,6.124416566701953
205,10.453150699631408,,9.33691908683939
87,,9.369633207374624,3.3678528798524865
62,12.863490387274066,,4.035250262642597
309,,6.581890103150449,8.978377133224829
222,,,3.987627112775689
160,,,8.82651236506456
229,,,6.895456433991636
369,,12.191634075498234,12.086891422257956
227,,,7.247075743612035
230,8.758041345416064,,7.694970894054306
217,,,8.791968739575555
194,,13.294974755638355,8.984082766511465
391,,7.520454485347535,8.085171241870187
340,,7.338804057084813,8.387800197703678
167,,,11.159068747581188
266,,,8.194065947108351
208,,,12.241205259769902
335,,,7.439817537071088
213,,,6.898076243888552
388,,,6.26130264056934
331,,8.476321177782427,10.781786015024515
216,8.678319557386274,7.206331366825898,8.02903546947397
277,,,10.946652869659394
85,,7.574312322760615,11.261754104857216
310,,6.197857903388256,9.950980722974952
389,,9.475753334407315,4.051158802612353
387,12.005183593896447,,6.671043280578362
191,,6.384358548838358,8.502698572848495
224,7.304675120587374,,8.92879858869852
82,,,7.134501013539899
225,,,4.273266356396467
295,13.495883460379932,,9.105395228106634
169,,,8.973853939665478
375,,8.967518487307487,6.853633795758299
292,9.918518827511802,10.499097894460444,6.214175948942145
215,,7.868261789753199,6.41115923512311
337,16.36431787557714,,7.251102383773594
320,,6.116101028275291,9.129701525285956
171,,,8.963383743390239
346,,,9.402931284595322
151,,11.752918501171797,10.568587505291012
137,,8.600468296956052,7.205785291408103
291,,14.965606879111144,7.259876525381544
385,,10.768787927484476,7.900804053978767
84,,,5.738952847073404
349,11.496943629356926,6.763551297554807,11.125326679698256
219,,8.936368964809768,9.51282668746546
322,,,4.773571274870001
204,10.875504579182785,6.731659819233467,10.124711487839114
273,,6.310809902980879,6.93611080767344
212,,5.630134727002146,6.769839254408811
146,,8.97032223282901,6.675948190704762
348,,,9.41961269293656
157,,10.086834606956383,8.046653755007362
214,8.441337868574255,,3.0041092901634063
316,,,7.285671822972742
186,,13.774357853385665,9.436142544029233
314,,,10.747822123469229
293,,15.069803229580906,5.754849687931031
183,9.40637958114448,4.76244097868446,9.693356455223745
287,,,7.660906304199653
290,,,9.492618781997976
168,,11.454005962592058,5.770986903409538
343,,11.426242798386395,10.05278019676076
153,,,6.215339082317479
339,,,
60,,9.260553682566613,9.59478441039982
174,7.996638912108069,4.835763952418997,10.380678471987403
359,,,9.247155625316724
298,,7.764460667450159,5.4012765951388335
162,,,6.3895190722445685
311,9.314924363240838,5.831568217219312,10.78144556243635
329,,8.201880216085435,5.998149499028184
175,,,6.849791094667516
163,9.490837491452815,,11.149019941620004
77,,,7.864432109906453
302,11.662014712607023,,7.5259231198809315
231,,,10.276038832119536
148,,5.943953781177727,3.7397084789134736
106,,,6.038018007274072
283,,6.669196837629189,10.719808248620932
184,6.1885643330937,,10.60142474904146
122,,,8.539642644634947
170,8.713652978550627,,9.151434209253612
396,9.265504253009466,,3.622645984792095
275,,10.272930735453125,11.849534751246878
244,,9.569938502234956,9.385109421185174
116,,,9.787936102637207
364,,,9.12797710175604
121,,9.16370119558423,9.735280046458769
165,,5.909402303325412,11.0778865757224
32,,,7.510241642622974
201,,,9.198605414335171
326,,7.717118184118519,7.131875907675038
368,,,12.18351724254422
332,,4.937733573463027,10.00857162224348
361,,,10.15745849144127
202,,6.821002927494272,7.439956057757358
200,,9.908115886929894,6.249660009682834
257,3.951113771068628,,14.723291761309248
80,,7.15766017587885,4.790633783177464
9,6.730063786574793,15.724809623659874,4.826230174660349
187,,,8.013470798636655
89,15.055205081098151,,10.081268860804713
207,,,8.160331724955544
69,13.163728824123073,,9.1445567140189
188,7.890631122604115,,4.973826082309959
306,,9.263751678080286,7.445785773406309
360,,8.98466737035183,10.77350052459166
237,,,8.768689110613145
327,,7.609469453637665,10.043716866562091
261,,8.661729502149779,7.418325041731125
86,,,9.00143920746361
228,,,9.363983798395662
190,,7.862410999836117,12.18360285519141
74,,11.31387030679399,
8,14.508600690386787,,6.430732658876734
4,13.685388471965968,,7.179216168111923
262,,11.35933398091208,3.938075845681694
51,15.353530098507996,4.934943504720093,10.080571983971035
5,,,7.461782195579058
363,,,10.520386312184876
338,,12.321178984212969,8.861225856993268
355,18.140597200356964,5.603864325769366,7.442196427010298
269,,8.2980172668803,12.24288550044898
278,,13.57451651306273,5.48201108084102
179,8.848368643126086,8.335609987850013,7.56562082330597
6,,8.926084898129183,10.61722073142398
206,,,8.541445325777655
461,11.235758518305282,3.545185565336694,5.549966457881166
466,5.923565477698986,12.176869301814822,10.8227573170867
9490,,,5.7994402424450575
9496,,,9.126508444481534
9504,,,6.999763902351555
9499,,,4.021571744087071
9308,,,4.034026518244559
9305,,,9.826204842552514
9302,,11.22262701168622,9.954582673355077
9309,14.613540621277942,3.343861788460988,6.409525859055649
4980,,,6.503718629595058
5444,,8.08578790050735,7.5560473577149585
5394,,,6.410314412731356
5461,,5.4654195872518105,10.847104390962144
5494,8.810078354447636,10.304491645693249,8.885952790009382
5398,,12.9382452807698,5.395039413842908
5466,,,5.52565843704264
5450,,,7.852118333687088
4675,,,
4632,14.164507633624265,,8.391371713869564
5769,10.6435751235975,,4.222532003916432
4757,,6.510368693100922,8.25232619348478
4827,,6.1960206942905,12.314668271467175
4820,,7.928729608966735,8.422731744934048
5159,,7.255329820709696,10.167414919365836
5759,,,8.262922054798777
5739,,,6.957674485567213
5738,7.874630010891326,13.806421579611817,7.758583123898426
5770,,,4.573761424699909
5826,9.964865538616664,6.168858368025,7.889922845260275
5745,14.504682240330812,9.217897977554584,8.908947050398055
5744,14.537474372837377,,8.879858538250062
5774,,,7.871932094709503
5760,,,11.83986136537348
5746,,7.236111825001077,4.01429047708819
5762,5.340804837108001,,6.099226429775603
5711,17.265720098358656,,6.885864749943677
5802,,6.882469922538879,5.293669009434953
5740,,8.210916275529085,8.609686970520645
5716,,9.311606429731365,4.585194930838951
5722,,,11.621388765315242
5751,9.232376681073276,4.329159694237652,6.146586864248052
5721,,,7.542373009706151
5812,,6.036524316743423,5.494612650581716
5792,13.756906904335208,,7.348854679700118
5735,,10.669981580266017,6.123595846952543
5767,,7.205139558543648,7.316366423117035
5817,,,8.038869175411683
5807,10.954768055414291,8.863300500723337,4.587504962739046
5777,7.961104095076252,10.03584349230862,7.718763729400559
5736,,11.79452017247532,10.026795791356012
5763,,,3.204873587700182
5813,,12.777251411678185,10.901707377793072
5731,12.37075966999738,,8.590330034914416
5819,,7.969019067637597,7.625054308977697
5724,9.62895069666508,7.478924549467132,6.618992350639163
5789,,,12.620827087329616
5141,8.116520097135826,9.186456252202609,11.443270069949076
5175,,,9.620421702590622
5145,,,6.225480292463072
5469,,,1.952684805536483
5106,,5.5837287375826685,12.602306025238809
5299,,8.516805261357266,3.90721894081967
5335,,5.626215029544662,2.851736779969315
7121,,,13.638794019500722
7104,,10.95619983512724,11.360906806004206
7113,6.683600901707751,8.822484029367413,8.721916313784632
7116,,,
7149,,5.569777883366232,12.420070626246613
7228,,,9.549900912424452
7301,,,5.906532278139364
7029,10.725908725772952,,10.982727371621628
7030,,9.4215383895888,5.072604638941269
7017,,,8.380423322774138
7032,,6.4188832736161,10.148960442038248
7073,7.398099383735783,,2.9087594115482345
242,,,4.715135115491022
104,,,5.87474126855386
282,,,8.560502545460345
96,10.006103716986347,,10.370574973142077
23,11.5102214931399,,6.9435256233377896
8304,,,10.389013315088686
8348,,7.0672127579728965,13.003557975688684
1416,,9.163271440520576,7.276086864026531
6226,9.291210870334972,,3.120119306389683
6171,,,4.579539504193496
6170,6.2334482148671295,,5.350918248766535
6147,,,8.097826306471617
6146,,,4.993531483917499
6144,,,7.7446644057121565
6129,,,5.563184949241308
6127,,8.459654909358985,5.970647559663032
6121,,,7.255155133376509
6116,10.586763370122217,,9.900417329017674
6110,,,8.451980404015657
6103,,11.016327856354636,7.568910350635956
6093,8.952310326458468,5.478658000264284,9.282781396567232
6236,,7.466995595927042,9.45606289623601
6215,,,7.03775661922831
6207,,,11.133925992076986
6200,,7.793898247005325,10.330707385547754
6199,,6.741366520834809,6.0916306316815865
6197,,10.165732816545976,7.206571820854048
8274,,9.384027908158613,3.675957394574007
7194,,,4.449152827824427
7210,,10.864104774293716,7.30417375381684
7238,,9.599998535137813,5.85010476203698
7245,,13.671247764954604,15.159975566488416
7246,,,8.054477775007648
7256,,,10.137832402557192
7265,,9.228412194586932,4.393664591081294
366,,,9.735239118269972
5245,8.014484871520693,,7.441143967220356
5264,,,9.275091010823845
7195,10.167414860684604,,8.748410008653106
7262,7.998288509706519,,13.461646916152262
5719,,,9.529588808529194
5816,,,7.577138905238526
5821,6.371357433647574,,5.718142466595112
5710,,8.20992260356478,10.886300141362009
5715,10.824811949600182,3.2878066066852147,10.910847831314593
5733,,7.7525458368550995,3.1554056765577663
5820,,9.339855120214745,6.487383506887975
5737,12.262902289231498,6.601225544196954,6.075204758543405
5755,,6.8447528275135365,10.391952052344632
5781,,,5.711514610415394
5782,,4.19195330463426,2.716976473704653
5146,,,5.374048742798272
5133,,7.340250623825351,4.722464866577869
5709,,6.743231380978908,6.154683303481734
5712,6.670399460523626,,13.629206974555828
5795,,10.21822733196913,
5750,,,10.391794783033262
5708,,,10.807526341054142
5749,,,
5727,,,6.190302699471915
5780,,,7.225169095563364
5756,,,9.972110588565965
5723,,8.214824928838478,5.90674997919084
5730,,,10.667657444370803
5732,,4.879196952571128,11.677273337162314
5804,,,7.598955226682897
5752,,,10.997597241757152
5799,15.7448270527097,,2.2741661910646007
5713,,4.302934524600907,9.951179997401518
5728,,,10.238768672461871
5787,,,7.554599180548108
5788,,5.589110891501883,10.841042876316637
5793,12.04167702035928,,10.073877936701436
5803,,9.198912992971744,12.198454831507828
5758,,4.75358241505691,9.981620913115352
7317,,,9.489357180493164
7034,,,7.665817980067649
615,11.845098199679814,,11.814982113209082
627,14.761855037120776,10.197556238100423,9.800980385936048
607,,10.64777305890061,12.083983800694476
631,13.659462021624986,5.080954758308485,10.40415467002088
623,,7.799842359731094,13.83657106346908
719,,,7.841312683445965
640,,,8.819590277393203
827,,10.576294122620084,5.869382116840627
895,10.855389151860791,6.8036746598308735,5.532361793400249
946,,9.17326428634022,5.789204180252787
936,14.008252366640978,10.44921719611267,7.024261329495102
7787,,,11.855339430952595
7837,,,19.44735831877351
7847,,8.910510446734232,13.07800824529582
7867,,11.098442648142951,14.267768686499592
8122,,16.12018725629463,12.41677678779811
1743,,11.890875528816675,11.542847567092124
1799,,,10.469058611225314
2175,,,8.182483212809426
2160,,12.501015204572482,13.475413547108843
2148,,,15.979777971069662
2180,5.418823157335018,,10.84803498083287
2157,,15.706592562903063,13.645953677337856
1948,,,9.197905617083244
1941,,12.445427448066194,9.99577418249074
1949,,,7.244803991037463
1965,,5.913634068491493,11.658462226219031
1981,11.167926644006068,,4.219197731463959
1992,,,6.020023555273624
2011,,6.114628215070963,7.927353041436989
2019,,,8.542021018029136
2020,,8.249292932647265,7.920419158497365
2151,9.48990992755072,7.709272811823377,16.510487476669315
1862,,10.072383172235588,13.202876259225924
1864,,,9.254733702858964
1871,,10.534888489368006,11.471194102926006
1857,,,14.3268426882815
1865,,8.094702009811364,11.726407714813684
1873,6.711340766911914,,10.125041882656935
1850,,14.49096520787504,14.808356271420578
1858,,9.66902489582105,10.822738403277938
1874,,10.330293091477904,11.378479942304809
1868,,6.030687133321683,11.723628809283388
1926,5.233316625035841,,9.951694664646322
1966,,9.103421483816607,6.146356392097708
1918,,6.291645329007148,5.902315046531351
1959,8.008089490567516,,11.98152046101977
1936,,,4.764346763454435
1952,,8.960497765102968,11.95364723243259
1960,,9.127270981138883,10.685207759968776
1968,,,5.539499115386525
1938,,10.74721531946222,14.148380945471626
1963,8.211072610520816,,12.02751260396899
1720,,10.716228523664348,9.061983105044716
1736,4.756118248609528,,12.623946425586944
1744,,,12.615823609843169
1752,7.924324258706592,11.65499441506835,12.219779786111156
1729,6.7564943263540185,10.396638732615411,12.892806364503326
1745,,13.98039320051138,14.665629133516084
1753,,9.198689690485098,13.352569767396137
1722,,13.563966045170384,9.673574018151516
1730,,14.14961200309795,12.09923949256828
1738,,10.174130200665342,10.95961800098539
1724,4.34563090979077,,9.763195606890909
1740,,,11.848760252006636
1733,,14.018140795130329,15.471488172903072
1718,4.99353440666679,8.179997837123109,10.685030154468166
1726,6.716909084307601,,10.986651099532876
1750,,13.691974248577695,
1782,,11.663448296797773,15.204974908313968
1719,,12.590899322124624,13.768435048580711
1751,,12.677279490580943,13.02891365289397
2214,6.965490452991779,6.498109787219594,
2201,,15.376092165495823,9.762593738710407
2204,,9.316310465435643,10.598359118807252
2294,,14.087359001495782,8.503190019782554
2280,,11.75405387642464,16.09155871521208
2338,7.56826572187323,,7.440624691793107
2292,,8.034920820105755,6.960467067600204
2300,,,10.283643435268983
2316,,,5.667322442094305
2283,,2.537640193842675,8.788354662704817
7584,,,8.236570557162523
7580,,11.095221690373398,16.569481949860112
7578,,9.77363648622396,13.854527070557982
7570,,,13.992724637650396
8608,11.932128456152295,8.750869877650171,9.239498258355296
8727,,,13.227134987900786
8760,9.919540501808818,17.466135242479368,8.524470107633178
8768,,5.533332685902996,15.604980727307012
8616,,,12.61101019716649
8617,14.718777844660297,,12.389652920792688
8770,,6.352176589740085,13.670344864677006
8730,,11.481991244193452,13.570234680968042
8619,6.343714839333638,13.69335197328989,15.052194818160949
8629,,11.467773419234238,7.939437740161668
8612,,11.18420040342127,11.826961752990949
8724,11.584086118822068,10.233572059024114,13.39650617622387
8631,9.572852181667958,,11.806864400428031
8725,9.206758519036162,,16.5799026395118
8640,,,8.405446612819581
8759,11.829067529154411,,16.83109417465403
8774,,,9.536746866726736
8824,,,15.84650414011524
8557,,11.25265047381304,7.067432386044136
8791,,,9.478252922307476
8777,,,11.398812786716675
8811,,,6.672744095316153
8787,,8.561284046475748,11.010377014366776
8805,,,7.34648907573073
8534,,,14.682603911165652
8687,,,7.0824509741186965
9045,7.525263547147872,,8.318435463748308
8673,,,6.918679896083849
9041,,13.191229330565148,15.981335656245594
8701,,,9.327555469964985
9053,,,2.6824061606550123
8985,,8.518820945473962,6.379537901920719
8957,10.817849259202562,13.710178095783531,12.152147370326134
8966,,8.418204631864072,10.122675039235492
8695,8.086478324248016,15.69985361296933,11.087167679672806
8967,,,15.940626401182325
9004,,,15.133515422207545
8690,,,10.468032667990562
9012,,15.37769004698846,5.926098235223046
8969,9.575551574019888,8.94699329861427,12.251773000188544
8961,,15.66153186087739,7.932473254727576
8970,,9.96480728755362,11.97788634656841
8954,6.704276371293119,,14.24500791593822
8962,,,8.548255051181012
8965,,12.73398796664707,15.934267782982763
8973,,,7.3960329059123024
8975,,11.937589107650425,3.4800250470513583
9006,,13.572940044767922,16.119108324162976
8976,,,12.381157184234873
9007,8.074054266875912,,9.160557687429383
8977,,12.17216389493593,9.33114417880818
8992,8.82332726162004,,8.071639676206466
9008,,12.49885803633221,5.509544377069806
9001,,,16.08009803447237
8719,6.312080208430268,11.843367303919408,6.897639335424749
8996,,,6.784312863993204
9011,,10.552964873309705,5.74779255422535
1742,7.023605583487773,,12.687336094132585
1749,4.29134460343515,,14.30333258896842
999,,11.097412788469423,2.802474214093428
1404,,,3.477899526002762
417,10.810271943015886,,4.572487511159652
421,,,8.4759848552839
407,,13.286281702012657,2.900793093298529
402,5.584083389416098,5.661603512318781,8.06134189548763
404,,,7.976910262426414
429,12.526678784133608,,12.072900752482354
409,,5.755807382328489,8.562181197094294
413,,11.952873484013972,7.369753450948257
5883,,,9.824558778378178
5848,,6.108802553745455,6.933907952710968
6416,,8.23625246644641,10.263045727951834
5838,,5.808984828047543,6.38357823719508
6287,,7.827550858960704,8.547935965018752
6417,8.845249639191525,,7.158149447019598
5841,,,10.156150514104649
5894,,3.794083537526226,7.824254706469262
5904,,5.405241807539452,9.575122296077488
5913,7.856001749280452,,8.386410704257706
5939,,,10.433756834065314
5969,,,5.164427578920956
5895,,9.93809299312204,5.230820128417453
5905,,,7.795450444763457
5914,,,6.951000888989528
5923,,,9.50611609138599
5932,,8.079034102787038,9.662551462908525
5942,10.049021755556849,,10.014293263445824
5961,,6.49540292520288,8.491491388761244
5970,7.282277075307707,8.899634102802194,8.900670623791914
5884,,,7.287673666666317
5906,6.605984103827609,11.561581815766203,10.360512315479724
5924,,,7.050817892177411
5933,,,7.446333689983781
5943,7.673675748937637,,7.048903444516445
5953,,8.78853349087884,8.298208331958373
5963,,8.477961728080047,7.3004427707339055
5972,9.07682926854778,,3.3580174899235984
5888,,,8.58092869902078
5934,,,8.598930232554896
5898,,10.468325338756944,11.627976995059235
5908,,,9.737520981955084
5919,11.396107116914129,,7.16415484367548
5926,,8.462076279841282,10.847091511734533
5935,,,8.815223866010923
5945,,10.297296849729856,9.422822472461409
5955,8.68282848265762,4.661955373674384,5.462667926206644
5891,,,8.132240448354644
5900,,6.545950264821007,6.710328074950141
5927,8.2445485874028,5.6452006028326345,10.518687975698729
5946,,10.157368894707911,7.563677234562247
5966,,,6.393146060892166
5975,,6.132048667118037,6.686156312383238
5901,4.207026828125635,,8.293729427618203
5911,,,9.2938512418948
5875,,9.14707831325922,5.640520881309228
5948,,12.871360495898235,8.345699051748202
5902,,,4.494968551050565
5920,,6.257090717177737,4.3040244852695135
5938,9.68382069747756,,7.695887947798216
5959,8.55289408563377,,5.774521372005806
5968,8.987850670089134,,6.015245002145835
5988,,15.464331585462478,9.35157684360532
5999,,,4.8872156843783205
6455,,,8.579435980689482
5979,7.053133218393471,,9.129300732139692
6421,,,9.390110593825352
5991,,,6.486127588172872
5992,8.944147968512725,,8.903402344889813
6004,,8.579308331622332,12.279250986769537
6458,,,5.340610734322634
5982,,7.605382871375212,7.104957344679143
6425,,,9.312069328469626
6451,,,8.7760677932113
6309,,9.895451618207575,5.832255783887234
5994,,,8.060748021509287
6444,,6.775240072602067,6.266538336667998
5997,5.425127674832815,7.146306533030513,6.381853990492441
6007,,8.061625861223295,10.407555207578737
6453,,,6.979257547399257
5998,7.819574079405266,15.827333655095742,10.68965337124519
6427,6.629699213774073,,7.022088721469895
6435,,7.388936476730846,10.859786911140484
6446,,,4.686735884339815
6403,,,8.654348479255423
5922,,,7.8699663623787135
5915,,5.710902649865586,5.868235048134322
5910,,,9.166287926019764
6401,9.896071046501811,,6.909190582894379
6003,,6.364039976207673,8.439700208663693
5899,,13.809882291474326,12.43559557789604
5873,,,8.519481365437986
6418,,,5.988775709372695
5916,10.761628557885052,8.833706184002743,9.788428623523334
5878,,11.250548981411708,8.411045698251964
5983,,,8.418242857988117
5990,,4.689803321782827,7.958053365847256
5996,8.57071675480232,8.263971452475761,5.994876103870259
5940,,8.492145795724088,6.956739937563127
5846,,13.908000346084624,8.26499653263814
5871,,12.234390225524283,4.768150712745754
6436,,5.458616915368467,6.909336550585998
5872,3.862333516644761,,8.544882513944726
5956,,,9.570074555954612
6402,,13.924558588296572,4.797981011738076
4758,,,11.750477199272009
5285,,6.903662590475811,9.79996028938283
9153,10.10555917859368,,5.951773732443998
9137,,,7.457249337524711
9151,,,7.456835230097033
9143,,7.920549594986767,7.116747378958777
9201,8.350589749431407,,6.453817853284559
6143,4.457319784732468,4.97018791495439,11.807145162404098
5829,,,10.62831302796734
8218,,8.548511635028564,9.634058874206987
5835,,4.558084875490502,10.80074034042481
6412,7.074539245439063,12.05406887996526,7.334777325992885
6411,,,13.029863936115571
5870,12.239901443770355,14.614011598382367,8.297441894797526
6212,,,8.299896992234428
6120,8.057037180968539,6.476849103862454,4.359750304530307
8225,,,9.647205340037829
1409,12.259339278085225,7.669726517978922,7.491605474372375
6980,,,6.819459001434004
6983,,10.038950893609428,17.34223151919365
6985,,5.531569442534848,5.880471381349248
7519,,,6.673963897946614
7526,,15.254090665351931,12.77825951707139
7524,,,12.927377914405646
6964,10.069443025628814,,9.855109186879194
6965,6.8477984349291,5.573616715547109,5.323319462238627
6978,,,5.4639654740011485
6899,,6.385275364497553,5.734258450217556
6905,,,9.28880204698678
6906,,9.818703044158388,7.330351176968957
6916,6.266914770615643,6.70314739696831,8.024826221494022
8215,,10.285906392510489,7.496108900628816
6921,,,5.788678545549043
6962,,,7.368957830223429
6972,9.812758536783615,9.89384470387682,8.46448368584785
6977,,10.382024416695238,7.400991964663172
8329,,14.86975609069962,6.921150274144766
7379,,10.366530493465486,6.054275745951663
7080,,6.272473776343264,9.943109208829878
7098,9.191111766359878,,7.988344935340068
7340,,9.42449629329796,8.008411477840085
7397,,,11.516443961577682
281,,7.960657521172807,5.757081247126833
8254,,7.29057238947849,3.1369709051302106
8270,,11.794287428834805,7.875148127728283
8423,,13.232444008167612,9.465856625297956
8428,5.887538137309972,,14.222765727311394
7139,,9.848948150039364,7.348318041354654
7331,,7.924866948439428,9.090459072905505
7405,,10.673812868287277,5.899668730895666
66,,6.96835549594291,6.649960165709233
149,,,6.315493037183504
328,,,5.338123025548979
334,,,6.136300712617257
2274,,,5.357482335020974
5753,17.935375508773156,10.3643454436898,5.294039997249431
6709,13.64712918010656,12.831378899958548,6.858073363853967
7123,,,14.625273253032976
7128,,,3.606005466061348
7145,9.127437640732948,,4.364411787411532
7166,,9.003234961308767,11.050421550784788
7275,,8.177559399451447,7.455305324050253
7291,,,4.7648181599491854
7310,,,1.6502094970500747
7330,8.879002850302374,12.846059531972744,10.5448726161109
178,9.569169904735364,,10.825600786525795
378,,,11.663085239177022
6988,,16.769904451707383,6.923539572560676
8796,,,13.801157462514684
8265,,10.20447873632348,8.530738449000332
8271,10.155587314912236,,6.71786974170467
6190,11.511508422915798,11.282365738994208,9.460392415448093
8275,,,6.729492391085788
8296,6.223818498703943,4.885047367251165,8.567070016615858
8300,7.589104999097171,7.525487993544785,7.799269012947236
8310,,15.832226776569492,5.519128252171176
8314,,6.258131856299636,6.518079285088199
8323,,7.993802395927108,3.874197695647905
8325,,7.7647941581889715,6.669559431047847
8430,5.828806357675129,5.558247864642404,6.5403405412197975
8353,,,10.474646642405148
8374,,10.522732736899254,6.192263084599992
8378,,,7.017270840071552
8412,,,6.9343477456160425
8389,,,6.984837641690072
7507,,5.501421203672891,9.273514098893456
6005,,6.115448151704808,9.443816080816756
5729,,,10.258384412043725
5380,,6.697565183967905,5.17084371473208
5381,,4.930654940519422,2.76693406568392
5565,,,9.243347445745762
7011,,,1.4001400951069898
7224,,,10.66819458170434
7277,,,15.670494540263393
7490,,9.127224791525494,7.574087729151676
7492,,8.705316431496794,4.965698402863831
7300,,,10.760327732204816
7408,,,6.947375186027086
5887,,,9.226207551130369
5987,6.838340546463063,7.1894799126919775,4.289877547917174
173,,,13.399977253935257
357,,,8.011464767431722
258,,,3.188420809472172
374,,6.699061626004222,9.506414470090997
94,14.2553059994124,,10.580771550835522
1859,,9.145910105823194,7.526823086447258
5207,,,11.345383987719629
6448,,5.03549110902055,8.499418793674929
8313,,,6.587349420106668
8411,,6.901775153128828,8.379183475960165
8388,,10.718895805797423,4.705096868022695
8395,9.445993064387856,9.811132280000958,8.000513764295441
7035,,,7.106972086211456
6810,,7.773448215300482,12.534265126480058
7498,,,6.490241095808246
7506,,,11.897358062122862
7390,,,6.671583984911974
7284,10.049299085050782,,6.75715451197035
8245,12.734298322054688,,8.946797632711306
2150,,7.978930824208581,12.838648913890552
100000,,6.747096200887656,4.878937762291488
8266,,16.574673981391268,5.426452422912189
7438,,,4.875570927710186
6910,13.070993059658194,8.277142562544181,5.855712475473707
6914,,7.79937648276155,9.817971065274858
6928,,,10.61207622660703
6936,,,13.58551534941898
7522,,10.842357567641765,10.233788336157462
6937,,,11.784642669303263
6939,,12.89411693563675,14.140172899842838
6930,,,4.712939742098007
6942,,11.308216634164223,6.522768418098799
7518,,,8.882875056109635
6946,,,2.992415073742372
8213,,,8.02059560314785
7376,,,10.557106113796014
7386,,,10.892227340230308
7403,,,6.414637590247854
7457,10.088774354425942,,10.954598759256095
7463,,9.261621622534737,10.62656546161218
7015,,,7.551023172834598
7024,,,8.135059521120512
7079,11.16793541669174,,9.35733377123704
7152,,10.335568357223847,9.959233459808493
7297,,,10.922621057733544
7381,,,4.916932291559991
7176,,,4.803141784944197
7352,13.369786426529728,,6.301256633774068
2327,,10.610839164890011,8.272628686026762
7172,,,11.807923168986012
7168,,8.303174938180806,6.47691140355791
7423,,9.748651134309046,6.905502525431128
7425,,,7.722716454415658
7239,9.773014697693505,,
7281,11.289736853905495,,8.807829464983064
7292,5.082853974565223,,10.999312534812166
7299,,,
7303,,10.639059664151237,5.977375497829901
7309,,,8.8438731135272
7406,,9.187429836498996,12.811724321014246
2320,,3.794621876087623,8.632052783677604
7242,7.902767978662853,,4.927990308652937
7462,,6.736849025967807,9.967098187226911
5385,13.995112754614745,7.176213083553581,9.584414880297327
5292,13.095610281096848,6.609776324751175,4.494247598211928
5337,13.456325257320614,,9.828959985735343
5350,,,7.821994377575758
5377,,,9.860020430272549
5386,11.380792218405292,,5.486657281271507
5310,,6.770052494870192,6.7020599467570605
5282,,6.604311421684662,8.526386940644056
5339,,6.805292532196537,8.952342585481233
5322,,,9.065426705152111
5331,,9.238581733735764,4.061526308480031
5364,,,11.644910999461036
5373,8.88760959464131,10.704464766034317,6.797447501247573
4879,,,4.913654262005656
7069,,5.722053530074006,3.2067982157116384
7496,,,9.725931245885434
7502,,16.914148059107035,5.017387704469615
81,,,7.714236033971077
373,,7.491989752412959,8.489033791228236
383,9.361750639803528,7.282614504042266,10.589547978915924
1867,,,13.170145491885595
957,,1.865039660139412,5.153104377150857
998,,10.152040407003906,3.86240621071457
9077,,,4.437943381028392
9152,9.10944703347608,8.703385582678674,10.52194622549424
9165,,9.72560040847098,4.044787269614613
9179,,,5.261674342025156
6996,,,9.46761590386646
6729,,11.434839481307964,7.379531827838688
7252,7.4799093869458275,8.084776541883372,8.195670713215874
7446,9.363702382746704,,4.540429790301758
7270,,,10.138235005906138
7483,,,8.59575869137363
7351,,,1.5262649322253117
7391,6.439030593567836,,2.117126576756032
1,,8.366867894842741,11.017254166733617
392,,,10.355288369741036
379,,,8.94376677170316
380,7.900733398877167,,10.822602118091336
267,,15.83852846806515,16.78316236783097
5742,12.224085220371832,11.891952977960964,10.303923701146644
5056,,,5.064335684842335
5122,,,8.25792403161384
5158,11.34343922597634,12.428617638196284,8.5388737581732
6994,,,8.406415360264258
6730,12.173312879748458,,8.74705285382657
7075,,,8.967752841406263
7227,,7.541040818621785,9.266963925913377
7229,,8.487540536701198,7.485507989395206
7449,7.703039578172307,8.291874213264798,9.43653638887744
6847,8.763776929033966,11.35587890554105,4.592238966768008
6953,5.756865089426765,,8.161130547260388
7283,,6.465412484290303,4.616036060823249
2,,,7.364254792369914
386,,7.069241295628031,4.569842325786934
1716,,,11.800471342857165
1967,,10.155856658035688,14.046381332548826
5785,,10.630406917257094,5.586687981485725
4802,,,8.107738559913692
5116,,11.563453215455946,7.981497296030941
5202,,11.21353986361892,9.715646157413827
7078,,,8.287747879652203
7141,,,8.286860387589085
7151,,8.11263665485076,11.13181071120676
7150,,7.517643602501694,12.94264522904556
7178,,,10.517995799146515
7188,1.0,,12.462052822954316
7201,,11.99803304740194,7.101834582202578
7206,8.701445237839998,,9.545480009130904
7205,,,6.999218893076475
7260,,6.100525839641853,11.629285326844478
7263,,,8.4368619395668
7472,,8.978630901679374,10.73455704486096
7392,7.116873968826058,10.884444486542447,17.887021943940322
8610,,7.251196613707904,5.776069573182033
8692,8.795962109629723,9.22326396299913,11.593751472648012
6727,,,5.156351989163971
7105,,9.638576029293986,7.41477314428728
7479,4.3592792674307645,8.117472575364863,7.248490116016632
7482,14.381069955813388,,10.135348109867776
7504,,,7.663231494674971
7508,8.133237423624964,,7.39818528901323
7355,,5.21067403140382,9.317123757402133
5896,8.818361633588921,5.944185783419574,5.062084544534975
166,7.13715755528446,10.506593728163072,10.141542624698769
223,,7.503799395880103,6.752476375131129
126,,6.871085464689275,8.006193075093163
390,10.087451376053206,,4.439044290960877
321,,,6.58652268540328
259,9.741906691861596,10.011761872505923,11.272601565475863
362,17.130646213391472,,5.617768258119018
260,15.075532999220412,,6.381265401198938
91,,,12.501499559116692
641,,,10.830484597902844
5160,,,8.797558501704268
5232,,,10.427993122078114
5606,,9.203766882500812,5.33001622245124
5628,,9.067338747577748,7.340665456540961
7004,8.184856326532191,5.429430618346592,12.412652212896678
7100,,7.508040538227908,11.51120327647159
7110,,,8.439959577114184
7135,,,12.120856489447114
2187,,8.347219714195546,7.682947031590565
6318,5.2964819649479535,,9.302249890099336
6998,,,7.475061957324957
4927,13.150942754334874,,10.48913901014448
4935,,6.8241695289232,5.08430457856099
4862,,,11.050904254949394
5596,,7.066413177497674,5.977403334037113
5517,,9.362488251722713,5.573310845223437
5582,,,6.456274439503396
5590,,8.653277569323118,4.822529323952914
5536,,5.7401013188975,11.894519576425186
5670,,,5.635034820853663
5678,,,8.623582233298317
5645,9.848502689426908,,7.120917663959263
2290,,,5.982760581922331
5805,,,2.833560397915659
4997,10.36961166370372,,7.626955615670862
5341,9.526861280752431,5.24460486530764,10.148625407304632
6449,,7.644887554132621,7.541957260174575
1366,,,2.9255259303661347
1363,,9.169249787501377,2.34977007043865
1312,,,5.865507085928723
1360,9.479563879084452,14.960968624246265,1.4158392631112742
1362,10.306454653344028,14.493324115043604,1.152646178724131
1256,6.33260446511757,6.773975969597156,3.0663238185671844
9342,,,5.063019485324403
9434,,12.684779948611002,5.876114080609436
9411,,,5.714880474020617
9410,,7.154166985771983,5.175401398086282
9385,,,1.4703086997527546
9384,,10.231393465387608,6.199718181780506
88,,13.182848855844158,7.981154627650065
108,14.45528297646965,,4.678598771234912
139,,9.658255796767262,4.029159719897985
159,,4.652661419192376,13.1134957497524
265,,13.092842169030837,7.628249560557029
350,11.42774918665468,11.328614157104226,10.126434729040314
351,,,8.306216739968741
403,,8.61043803174887,7.002323731596246
410,6.679074860536484,,6.941638279481648
424,,10.506070732186284,11.474897380612042
428,,6.044146875616015,7.082265431358325
430,,,7.896201146229211
470,,14.769396180255892,15.189861180178571
476,3.684879970324239,14.486152412095286,13.794582807980078
484,,,15.868393268529651
504,,,15.745576646052792
506,,,15.230579662469689
531,,15.905299047992823,14.34731650449947
544,,14.896493416759522,15.247321305229832
546,,15.3182824665889,15.02989134134188
628,13.376074206088411,,10.050295881940944
630,,5.168308466127243,9.743500788513243
680,,,15.636491830365792
681,,,15.435838989667827
685,5.034014407821603,14.740513823114943,15.180386640892106
687,,13.96983178719798,16.287507804998338
728,,,15.022481515156176
742,,15.481426580310991,15.275336209006484
763,,,7.300502876580994
765,10.6545131966813,14.308244894768348,7.885243188824216
766,,7.426405422445803,9.000179480189669
768,,,6.217023706088474
772,,7.092312489736882,7.352473759870062
801,,,10.120825181798928
853,5.2297536787655545,,15.302094840133272
854,,13.777248152926289,15.163175845879884
867,,,14.00520620641668
868,,14.988637282852878,14.826756995761492
870,,,8.222619608291472
915,,,11.393462844185104
932,,,8.00715899488608
991,,10.715410850170112,8.122004302690659
992,,,6.373833551570604
997,,7.750610830308037,7.178951696813268
1002,,,6.78433505379337
1006,,,7.742039731943239
1061,,,6.732521318350481
1062,,11.70127453412752,7.14160608424832
1063,,,14.419480899884036
1066,,10.126896132187431,6.82680565975006
1070,7.421354137434357,11.232626231523671,8.249870637031592
1158,,11.299944224096034,8.31288671568587
1166,9.197273424887204,,8.931801332647158
1254,4.453064751712522,16.643794334997324,2.7730709704035306
1257,,9.323197017847331,2.966776197775508
1313,,12.710676001432168,6.203337484774099
1317,7.648007104250379,16.472974606832402,9.901890013386
1552,7.237828056871435,11.347055548655613,4.068972692773836
1612,,,13.874930313123432
1622,,,15.704964448699652
1651,,,15.172256192720535
1652,,,14.591238382495188
1676,4.547326275226983,,14.807072486168508
1684,,13.96133029279741,16.019205172917182
1739,,14.06795517315453,14.79378698257597
1741,,,14.94780390675798
1756,,15.183379935556385,14.84119702963014
1757,,,
1793,,,15.111457026961208
1797,,13.293625832840226,16.035381892652907
1819,5.038278460536512,13.918709829397953,15.346856604422818
1820,,14.945834528402957,15.513610599794262
1829,,10.36361252252156,13.229258050170891
1834,,14.370469099179616,15.33578381384008
1835,,,15.25841677686737
1851,,14.58547073364335,15.84193448633739
1852,,,17.289932481536987
1853,,,13.444156456990282
1872,6.51010023061565,,10.702504333694389
1890,,5.296734655786409,7.014417119585557
1925,,,11.53478207243823
1942,,,14.897915503681505
1943,,13.897166587835883,14.367458987511212
1954,,8.272895523873562,5.401523422873204
2016,,8.120771785258,4.785192611234369
2017,,14.191029859180578,16.043197064380323
2031,,14.04443157272901,15.596524829901792
2053,,15.792647977881252,15.264892452741917
2057,,16.985817810080793,14.40818889497708
2081,4.441068432691169,,15.163795579352108
2091,,14.796449840552228,15.41587459023965
2106,,15.83625362908207,15.771134960287243
2108,,,15.30826851118754
2141,,14.756714915840424,15.35730093943354
2159,4.9744742094964085,15.441468912432953,15.041356104340288
2166,,,15.293879777552087
2171,6.8243825531242255,11.559050590546118,13.569561825801449
2191,,15.933789427215286,16.320968672850917
2202,,6.509787143023602,7.610842382033514
2212,,13.629008815537723,14.466495621230234
2239,,,14.969731602275075
2240,,,15.101491956498895
2276,,,14.505493070734085
2278,3.726407173313281,,7.865089668218111
2285,,14.52473203475389,15.164194299291903
2286,,,14.890628436386397
2317,9.174384101065254,,8.936602860559312
2370,,,14.653982720786818
2412,3.5759972947234395,,14.949293412318966
4779,,5.913911037664755,5.297992958879861
4807,,8.253758492532015,10.406011642484774
4826,13.11513174402188,,9.025886540242944
4840,,7.514794907933536,10.159117468673095
4857,,,10.81985904912055
4884,,7.268465899756261,9.326369802227028
4900,,9.470059241316864,9.926251080208232
4939,,,6.774716101302714
4958,,,5.960896288591646
5023,,8.077217382534629,8.570737682756379
5104,8.080892542008819,7.170072735346354,14.229031710253825
5151,,11.040795996192363,3.873825940877568
5165,4.9549696317555245,9.283067459565393,5.747809409682088
5210,,4.0090522288365324,8.84576275352487
5236,10.744065275940414,7.287572624984685,6.240413171249756
5249,7.680840880022567,14.788918160672582,11.15256935364598
5253,,7.001878603795635,7.072876549685043
5276,12.014975605610012,3.8881880498174057,9.495181367657196
5279,,11.400987661737886,6.788644082475525
5349,,,8.609114740965003
5353,,8.649917768616799,9.03392177823334
5395,,,9.9900520401915
5486,6.043546425987094,,14.309046426551664
5577,12.656725608705964,7.254303645863986,6.629748471426551
5644,,11.222120239434602,7.5123285889455325
5651,8.274993152470287,,10.63257091398664
5717,,13.870679605682264,11.50811407860954
5718,7.200580544376343,15.098890785873756,11.198696576570793
5720,,9.44413730184591,11.12238556761473
5726,,,7.247031191209013
5741,6.570607278720107,,4.446784924858201
5748,5.023693186902544,,4.455433235506041
5757,,10.04001552294164,4.468420978337157
5768,,14.42888283680129,6.165620403311164
5772,,,6.482653907075008
5776,8.215861631056468,,10.35580241145006
5779,,,7.067413033611391
5784,,,2.3896061914513624
5798,,8.720065390668184,7.1339932877927685
5800,,10.215985593811062,7.012801897048856
5811,,11.47712658449269,9.428530069867872
5822,,,7.397274915404381
5830,,7.463026152730622,5.780460345953784
5831,,,4.182160391720847
5832,6.075739877240542,16.190439629632912,3.92145171761761
5836,,,7.415031863869029
5837,9.172538346981211,9.181617044958962,5.936263365102883
5856,,12.481099845137413,7.914223280002655
5860,,,8.85949899683699
5865,,10.984368937990228,8.155740671759306
5867,,10.696061901082556,7.552629751468665
5874,,5.403348136919249,6.398751791730769
5890,9.124973685719745,8.97396692055124,9.600063811734609
5893,,,10.86745061199154
5907,7.928311004882769,5.052688291292179,7.83254208545016
5921,10.889829774874432,,11.71084205885758
5950,,,5.793666284789262
5984,7.133071808221275,,
5993,,,10.452397870224695
6008,7.091403987497422,,10.979779871610866
6009,,,8.437855323318761
6010,,10.0980320614867,4.374909856212161
6011,,9.69158309877249,8.361930093958446
6012,5.55459326100281,,7.674667533855278
6013,,11.45548145342767,7.203515908501345
6016,,,7.85166565604231
6017,,,6.263588758149007
6019,,9.99547046222508,7.252988556831482
6020,9.124337547329288,2.898791585996812,11.04335579018429
6021,,,4.160297379426153
6022,,7.386425964576978,5.439098781609561
6023,,,7.700846267342721
6024,8.304994657371655,,9.69131049606424
6025,8.485867492085745,13.212280985421168,7.309210073645247
6030,,,12.182052089358663
6034,5.901967679048584,,15.182721392212358
6035,,9.171945974567585,9.238616950085186
6036,,,11.996911827968784
6038,,,
6039,8.171603000263133,14.27488034793162,7.261116165015873
6040,,,6.24735833432643
6041,,13.16990529673138,12.291901328138788
6042,,,9.575394519104847
6043,,7.949310267048265,8.562018624632055
6046,,7.775561380488547,6.826324014721278
6064,7.491281828319099,13.706891395421184,5.00550954016427
6069,,12.92738757853646,6.878278874454509
6070,,9.415317800508266,9.0416997551748
6071,,,10.60183619345278
6073,,,10.99549214836874
6074,5.629654604516625,8.812001872539843,5.562637894639227
6076,7.452453414437057,,7.943253899800141
6077,8.788776091439871,12.594692801948336,6.7296305637366896
6085,,,8.020900764324201
6086,,,6.025530638130526
6087,,7.993862577367106,10.643129253053244
6088,,,8.214297213708345
6090,,12.963377449897092,7.285527115953841
6091,8.84376402464467,,7.450394636542237
6092,,7.4132516598994656,6.500578865767094
6094,,7.698091370188564,8.642742812219922
6095,,11.199664819828588,6.821785327451295
6096,,7.580828689548834,7.961957131553119
6097,,10.606818581309408,10.257276666590515
6098,,,13.99248607220004
6099,,,7.861206388400844
6100,,,6.063886743589646
6101,,6.475441221922425,4.8553412530518445
6102,,15.098215113257329,11.414603774864112
6104,,12.195029700507252,7.87554198405064
6105,5.82837599527393,,5.614828911624638
6106,,8.932194727521665,6.760906009999042
6107,,6.922606440747126,7.416612803519175
6108,,11.144247109898448,9.596580979658006
6109,,10.29173754084096,8.79089425076696
6111,,,10.516985371021606
6112,6.543438284542413,6.194525050883112,6.982049593974971
6113,7.837361011965129,,10.720719732216851
6114,8.087931364503458,,9.234423056877326
6115,7.202750325688328,7.045387583892313,8.701987219731347
6118,,11.86733621337,5.576382889552444
6119,,12.28345413379192,
6122,,,7.54345091072713
6123,,,10.237073841087629
6124,11.968270857179434,,7.55151832723744
6125,,11.302050987734484,10.308978454682954
6126,9.342024403084546,13.25857843250884,5.901925292432668
6128,,,6.168184137117487
6131,,15.903534889934692,7.002508044913883
6132,9.773397688690723,,3.1308750366257705
6133,,,7.728770920064089
6134,,,10.396244204757664
6136,,,4.223826119763111
6137,,,6.099457032076368
6138,,,8.688312090952637
6140,,11.575205920974897,
6141,13.279238009336243,,9.9524735561845
6142,,,4.9568371270625775
6145,,,6.147078875296845
6148,10.878106098300863,,8.192947876878655
6149,,,2.0222459313560903
6150,,10.038582124240746,6.079324570996004
6151,,10.059120718403028,7.391804599666831
6153,,11.680286757544891,8.042017014801914
6154,11.872692568079906,,6.109943405078373
6163,,,5.594739420982611
6166,,,5.599994479245145
6169,,,7.254534915544872
6172,,,5.841867976251601
6173,,11.47811439953044,6.808885016620087
6174,,,6.414451199179885
6177,,9.058960709970547,3.748106610946236
6180,5.893681043716184,7.779976999454574,11.872485804237035
6184,,,6.182912551416645
6188,,11.246069696840186,8.051601710272887
6189,,,10.151408786074985
6191,6.158182638569492,9.364621047898586,9.46314550915583
6192,,13.28129985788149,9.8479939157456
6193,,11.84035225158849,7.119620885841558
6194,,,7.093930192385307
6195,,9.25630011823217,8.968342112742162
6198,4.881085466203541,,7.202935903472954
6201,11.807676384293108,,7.050866425789196
6202,,,5.362688396781443
6203,,8.72057999006788,16.858921874235392
6209,,,7.959593988593873
6210,,10.217260639642708,5.985311292751092
6214,,,6.140699539540755
6216,,,7.115052654751953
6217,,10.732977962762089,6.689476841688263
6218,8.271440601852468,12.521125508682967,8.34189942072589
6220,,,9.30491099873533
6221,,,9.46749798697109
6231,,,
6235,,9.457389020589098,8.605680749084748
6237,5.786569572089094,8.555617805893032,6.809595779121296
6238,,9.552127796915368,8.531748744637621
6240,,,8.9865938249546
6241,,8.17959160116793,8.716098631324323
6242,,6.221777756380384,6.7351793853278
6243,,10.239603385835233,8.77935984362431
6244,6.246334833101871,,5.997909839855886
6252,,9.622894780277392,9.081761869787126
6255,,10.145655297275198,6.274381199078017
6258,,11.854517445888696,4.075943762078134
6268,,8.52031315492499,8.410071556913522
6276,,8.636730745186807,8.256538264717662
6284,,7.0214670089328415,6.323207253813774
6296,4.807038093916426,16.123014152578815,6.799080941050876
6390,,11.637448389818989,5.245086173398074
6396,,,9.676884435700838
6413,,,7.008699971781161
6424,,,6.5687030604145775
6434,,,8.271252016492987
6445,,,4.969494119326645
6680,,,10.411618501352915
6739,,15.097547994444271,15.47852297229409
6740,,,15.784623217245931
6744,7.732488136309353,,
6749,,,14.72329244709849
6750,,,15.051532459291522
6805,,,14.785885261568154
6806,4.158882775409218,,14.403281728494882
6814,,12.978864747356596,14.744394787695544
6830,5.942761953012061,,5.888790083209207
6897,7.774480830992509,,7.624675399556287
6898,11.208409641904757,,4.628068902881526
6900,,,8.250723073302112
6901,,9.558751352676593,8.339884468038878
6903,,7.254571303649151,7.85332089851341
6904,,,5.41687406100526
6907,8.750098121468941,12.48393872799496,10.269562940547749
6908,,,8.50561696018452
6909,,5.292277974747035,13.872501168173423
6911,,10.84162473881913,6.652783893815316
6913,4.213264198541509,8.804476841424648,7.326818261037544
6915,,9.2081909635518,5.888348622120077
6917,7.351251677809654,11.446507769966312,8.617947317992552
6918,,11.29452947044915,9.465652067886754
6919,,,8.854909583309826
6920,,7.681190961472224,4.790108297989565
6922,5.744759892756841,,12.609376233276262
6923,,9.21146829791546,7.518373804361687
6924,,7.766054475563505,10.989483088002183
6926,,8.670039700616273,8.636814427214112
6927,,,14.790754504302884
6929,,6.290671227644702,4.836013307551308
6931,,8.13330511213981,6.222906089023349
6932,,,8.649869631832502
6933,,,8.65889512084992
6938,,,7.462740463784452
6940,,7.237755713980697,8.688175835867744
6943,,7.8932327248468095,9.37645153141134
6944,9.404888284765423,,8.286754360542048
6945,,,11.010495867477845
6951,7.527880283892645,4.391382917630248,5.725453448004291
6956,8.307419186406479,,4.7796665970318815
6957,,8.361779548036859,4.876847821276008
6958,,,9.217491591511758
6959,,10.844468166695354,8.855576753388432
6960,,12.528367510563658,5.286817854126423
6961,,,9.133323093934129
6963,,7.2133517270037615,7.968213993212115
6966,11.602304424572315,,9.084118853649752
6967,,,6.641989860411108
6968,12.240870072376994,,3.4369561059593767
6969,11.248650532177138,10.801364644985298,2.4805472595342253
6970,6.0726893598690825,6.683706442005938,7.779989932529042
6971,9.652699844450636,,7.379400901666093
6973,,,4.581580439165297
6974,,,5.931718921997825
6975,,,9.675043425042396
6976,,,9.588524824055792
6979,12.234528605473468,14.479463680544658,9.469391619596289
6981,,,12.88585518398942
6982,,,7.778807762291196
6984,,,7.152993673154944
6986,,,8.041615152604164
6987,,7.816797522787231,11.696844151097237
6989,,7.0967598524988125,11.902904008728823
6990,4.278665697040414,11.019050270068732,6.711658193624594
6992,,7.119661896029095,4.867825448777216
6997,,,8.875067360902676
7000,,,8.520059422057496
7002,6.488034086389386,,5.565677684978321
7003,,,8.050435749632658
7008,,6.391209601310619,10.852591823464053
7013,,7.482838570458525,7.138493364870241
7014,,7.638158741655699,15.093752421899232
7025,,13.878497034097254,8.688156060840932
7026,,,8.12882834518211
7028,,10.948413913957516,10.746765088761066
7031,,,13.201905643734548
7033,,13.457875228307657,16.021679823234624
7036,,10.999778975648676,7.13119758279926
7058,,,11.496381205653208
7061,,9.505312259603985,10.08623906832415
7062,,,14.202157565735192
7063,,11.607369384203116,4.12291396249362
7064,10.969287451923188,,6.338440125787642
7067,13.045369701495709,,6.360316923241006
7068,,9.158438704870322,3.3522960320125863
7071,,,11.722228585397591
7072,6.410061633424604,6.896458214590768,5.039299205641568
7077,,,6.819204851583233
7081,5.816932178613928,8.251603860607648,6.470503541919548
7092,,,6.36075705882203
7094,,,12.535859141682302
7096,,,7.5158629678024
7102,,,8.269150931258539
7103,,,9.99576954115803
7106,4.326035161619254,8.894249675899061,8.912109191752917
7107,,14.342613121582488,11.316514255430832
7109,,9.688699215008446,8.027264253010012
7111,8.757061335247874,,7.369912278268769
7117,,,7.118296426220706
7119,,10.731210891250456,11.53033436899912
7120,,9.108495322611612,6.78967613338679
7125,,,5.815138659533028
7126,9.379783951472168,13.443845790127316,5.320242824865382
7127,15.620263539587754,7.34049186537389,6.470279479222072
7130,8.063136338473463,,9.69829630427411
7133,8.291315487369424,,8.78184681302065
7138,,,7.578151822531336
7143,,8.974436688241518,
7147,,11.75547357144706,8.033748578129229
7158,,10.167232937828803,7.018189381101825
7160,,,15.171750084980127
7161,,10.658368075045146,10.743701109200517
7162,11.344981465421537,15.211879964529064,5.605431103202269
7163,5.517988413402849,,12.137502752595855
7164,,,3.8560793059488
7165,,,8.899043754902111
7169,,,8.203968680679246
7177,,,8.025920657632625
7181,12.339868059092812,,6.732209466194334
7183,,,4.835356846699984
7186,,,8.547871882208902
7192,,,3.760171117295004
7199,,,8.744863235443336
7202,4.963335500347275,8.68011749340596,8.770544846861373
7203,,14.303715765396529,7.708331036090823
7207,,,7.234045202304613
7208,8.310972023568022,1.0,11.066585911736231
7209,,6.812524030204124,11.5227425828949
7213,,7.077777741652147,6.809495890869636
7217,11.78915861924398,,8.189557508320437
7218,,,12.307756220417694
7223,,11.4049876407452,9.610252782873312
7231,,7.893417081957578,10.290766597972745
7236,,,8.77370173642442
7244,5.457795166666838,12.128272661146177,6.817687544169692
7248,,15.080429208176843,14.92224388460265
7250,,,13.94826814137094
7255,,,12.3662263078456
7258,,8.356799729475764,11.625522885414878
7268,,6.109302608753518,8.147083073716322
7273,,,
7276,,8.608762391398162,14.955280191231296
7280,,11.805116794261467,7.7405158738192945
7282,,11.90971012052935,13.065289856821014
7287,,10.28974837394114,10.340867261544354
7288,,10.678378761196306,4.226448847357128
7296,,5.588097022573319,9.461676363564871
7298,,,8.200214002451633
7305,,11.823240171170823,7.034073478164821
7306,15.622814078688858,,6.022716669515743
7307,,12.767810037048855,6.661104359763767
7314,7.747721063368953,,11.989252365860118
7316,,10.118378711056536,10.050072781495729
7319,,,5.263905608036374
7320,,6.435525860946122,8.984310689160846
7322,,,9.211796328844688
7323,,12.143715902181594,7.208475911986472
7327,6.118311228239883,11.795055155443208,8.209493050745154
7328,,15.90623373085838,4.593285534095585
7332,12.38505017752317,7.323445937447474,9.486799522982796
7333,,16.525495527244722,4.605988202821008
7337,,,15.681281367159706
7342,7.380423325811343,,6.617799801895312
7343,,,7.3238896560990465
7344,,,6.560334816788069
7346,,10.724026980882783,12.270717515251572
7347,,9.779898554169742,8.318877452585596
7349,,,7.161990903147801
7350,6.033600668595602,,6.341898291941439
7353,4.708216122850853,17.635153593530454,9.313517606905265
7354,,,8.48238317265548
7356,,6.2043607341166975,12.508280768145656
7358,,,14.111288110000828
7359,,,15.017302458182243
7372,,7.924996197172424,6.839166434747361
7373,,,7.292458475639002
7377,,,15.320348826978044
7378,5.690358765864131,6.440973091647654,5.366493040583775
7382,7.624204208720106,,10.129173548846548
7383,,,8.450120490843858
7384,,8.834233317038947,5.237683006776058
7387,13.079709373820728,,6.056214764716796
7394,,10.676110342203716,5.089136275098494
7396,,8.394839398758814,8.192058086336896
7404,,,7.980549809191325
7411,,11.078704547101776,8.200917875060346
7413,,,7.288290931739834
7415,,9.703826278886403,8.640759749202783
7416,,,16.653574368363216
7417,13.325721588482342,,8.287144171038392
7418,,8.049129734527758,8.297401318839846
7419,11.420599704937716,9.667700582234543,13.522485842174063
7424,13.03016363347867,9.20865587797416,10.153883741945908
7427,,,10.13230123250672
7430,,,6.0935575626516565
7460,,15.629213943838328,8.276916966368226
7461,,8.838508653286727,12.9389759908033
7471,10.345249616234469,,10.229919845280117
7475,,15.37122624772299,15.319390073356196
7477,,9.321798847547448,8.268882103580736
7514,11.873876944305504,,10.208990458534874
7515,,,14.840054440915653
7516,,,7.191263990999122
7517,,,10.111151902720456
7520,,,8.896559096698535
7521,,,
7523,7.351978024455279,7.755257705811671,11.360690925964288
7525,,14.476128944977049,9.515250558734024
7529,,,14.978329466235092
7530,,,14.957743686883331
7566,,14.64946237817459,16.261001932701866
7568,,15.974658801637824,16.216741868216985
7717,,11.749702822551209,12.9647123964088
7757,,14.980745257879782,15.204662495907318
7767,,,15.913889635851373
7917,,,14.040949185037256
7947,,,10.217087788016322
8037,,15.001182339120284,15.658948244492615
8057,,14.517998773629326,14.62462565358657
8077,,9.416946743980628,7.411734253873837
8132,,,12.245336741428355
8171,,,14.880008220842392
8214,13.858858534527815,,7.842929802928171
8222,,,7.627539893129453
8227,,8.638115274309495,6.859163575014038
8230,,10.009356595413426,8.405132991744178
8231,,,8.03332741386451
8233,,,14.676288237626604
8234,,9.256644623818362,7.549336435772872
8235,,,6.107998861811007
8236,7.048864566314911,9.16069263046845,12.538589061575642
8237,,,9.593650774900604
8238,,9.971005209335658,6.969083228265453
8239,7.603492768991959,11.449973518224803,7.057528847677494
8240,,8.290088082676643,7.380555866876318
8241,,9.743223415786511,4.862663735474413
8242,8.909106788318665,11.200609333208988,5.614321285995613
8243,,10.949105917152432,12.748332986034733
8244,,13.160751273526271,9.021211890408496
8246,5.982686471618069,,14.495448938429336
8247,,,4.208572707203581
8249,,,7.069552467104318
8256,,8.95701301558497,6.185882010965759
8258,,,6.409950556038002
8259,12.960581884452846,,6.342050003075233
8264,,,8.758665876665479
8283,8.544554615201328,,8.234792468369378
8284,,9.154989725352806,8.647965014783306
8285,,7.137988784166476,8.280813218973405
8290,,8.251431159143308,6.07640292573339
8297,9.213067820895828,,11.06443263181931
8306,5.130843813180914,,12.980288408747947
8307,,11.430963694212023,12.915694901291593
8311,,9.6870412914548,9.324134133831144
8312,,,13.10369753382573
8326,,7.769689274153411,5.6074807610842985
8334,3.244741369824954,,7.2632206468971505
8335,,,9.129198359301675
8337,11.339215799421336,4.225095979901019,6.631779486805218
8343,,7.870468588349116,6.513836121845239
8351,,12.800668487734274,8.14399810617399
8354,,6.8360773546607865,7.384607382273577
8357,,,8.715129710955962
8365,11.22188655549538,,10.6226219411649
8366,,5.332770007551828,9.97035250616854
8369,,,6.5145284566974375
8376,,6.648352419804891,5.127454697692556
8386,8.2277184370274,9.58270267687154,11.06754260863653
8387,8.516122499282638,,9.094898374024288
8419,9.742973807051774,8.966120456429827,8.278355037334142
8420,,,12.661622992794957
8422,,16.02615734319228,6.367980028779014
8424,11.180021050072993,,4.530528313549517
8426,,8.379554538146692,7.735111647556867
8427,,8.39409726188133,13.061891963980278
8464,,,15.604608249645526
8483,,,13.643373526981971
8699,,,15.039373471402158
8723,,,15.715638123173864
9027,5.201179358048742,,14.133784418051114
9057,,,5.707556127315765
9058,,13.01687940568732,8.719110651617036
9067,,17.756959329059434,6.541291107500401
9069,,,4.595213956389398
9070,,,6.1131331391994
9075,9.393720289642316,,5.120679821957977
9078,,,4.27926847606719
9079,8.677013330590494,7.805680584409933,9.511503613130508
9081,,11.07858512199568,5.253427178449043
9084,,5.765465443743013,8.703940413930313
9085,,6.510226332459881,8.250055190006215
9089,,15.345653196209508,4.922281942038497
9091,,9.697695004963029,3.792628379976657
9095,,,5.98546218012699
9099,10.17000629401658,15.380176965803845,3.323956115662646
9100,,,8.836085973295843
9102,,9.150127685492658,8.585477991382767
9103,,7.206451566344582,6.1329130925681365
9104,,13.484902591801266,7.87907700997976
9105,,,10.073695825329173
9106,,6.960091167320036,9.457276046376728
9111,,,8.775863019773341
9113,,10.82640765387025,7.394840240968761
9114,,,6.160854780475896
9115,,10.16723439755352,6.663088514487516
9121,6.70158914145153,,5.493964625231774
9125,,,7.770343703116986
9128,,11.856924074313696,6.275456199345406
9130,,12.824898699271818,6.757938673381079
9131,11.620094709060425,,6.197845099741875
9133,,,8.841217608158942
9134,,8.451345915633288,9.131724464132358
9298,,,6.035407983502725
9312,,8.335225764831058,5.464164712672032
9314,,5.0863081969645245,6.28940947450361
9321,,11.15247780817981,6.956840547877404
9323,5.242375270775327,,6.72568373764855
9332,,,6.274849044712264
9336,,,6.723758178355842
9339,,8.407213384721352,7.754242892510621
9343,,,4.7194587836795465
9352,9.923337316062396,6.071504197834841,6.100874862380226
9353,,,4.954969361389564
9363,,,5.846339273442512
9369,,9.8069634968467,9.383597868660829
9370,8.296373688649382,,7.482107022413665
9371,,9.241730936930146,6.134315707011644
9380,12.187281373481134,,6.150884060406525
9381,,11.915824609442812,7.260084423789227
9382,,,6.143621607862927
9383,,,6.815794732021563
9386,,,6.706561540926628
9388,7.994348234163541,12.20088074985965,9.883416798972087
9390,,,8.347713795549243
9391,12.335761463397398,,9.14143133706425
9392,,10.179623798285096,8.787011401466215
9394,10.75903990757887,,8.485484094447617
9395,,,5.027896364421386
9399,,7.637114429915462,6.636722788159149
9402,,12.180540780953953,8.736193472749239
9404,10.141831716453556,,7.050838158178863
9405,,10.618642276608831,5.542064174638761
9407,10.63875829115067,8.392842212352944,6.125391876875523
9408,,2.6402934871241053,9.145625227112692
9409,,14.02272649903064,5.909499374382455
9412,12.035764471810502,7.801909546987901,
9413,,,7.584962471366717
9416,,,5.058793020450118
9421,6.9237221394538455,,
9427,,,5.948363943769149
9433,,,5.791638963478389
9436,6.254968368346039,,5.201209330238741
9437,11.868946787524427,,7.32427938507973
9442,,,8.219216956688392
9450,,10.614414559577234,6.924539874006935
9451,,7.804116047742711,5.2204322878543685
9452,8.926244627182335,,4.226494714953391
9453,8.7984892893991,8.285588873943944,9.902950110795809
9454,,5.982782838243037,6.6916292251550935
9455,7.932563537426979,6.7203276097448175,6.231906988923213
9470,7.785280521185421,,6.587218099832332
9471,,13.943433676266714,7.127416073054078
9476,,9.037287103886449,10.039630485428027
9481,,6.807373470913021,8.716698434542415
9503,,,4.719567636609863
9506,10.200718073842928,,4.24324494256223
9507,,,3.5629826638521944
9508,6.534412981161732,,5.514021951419003
9509,8.448719684960867,,4.861352796973367
9510,,10.040912197847444,5.826357534741055
9511,,,5.3380154885657705
9512,12.308795257060456,,4.422175739229759
9513,,,8.10580572999984
9514,9.767889435231051,,4.484894817024935
9515,,7.630467842162171,5.625915201603
9517,,,9.329049418472906
9518,,,6.226752393274935
9519,,7.684622813055109,9.714416473941371
9520,,,11.275972591214458
9521,,,10.549040921780266
9522,,5.970426770837664,4.32332770712198
9523,,,3.925420076386639
9524,,14.112135409964136,10.700392018403324
9525,7.1060123656677705,12.217072817440528,9.018865103968963
9526,9.312385908336411,11.023044538466143,7.689734504297215
9527,,9.05096620636659,7.699782078348129
9528,,10.679370297479169,8.218667819809326
9529,,8.41427151263012,10.347190847786806
9530,12.493008333524635,,7.353991683525666
9531,,18.992231482284577,12.049694100783023
9532,,10.65303334569622,9.965486018308264
9533,,9.498021958430586,6.219005205530424
9534,,,6.308351700189375
9535,5.418178714068341,,10.627923724165422
9536,9.282274253077158,,10.230244212484507
9537,8.437483735636901,7.758609866244186,3.945510134354756
9539,8.732853390401953,13.185444696489125,8.212559146353287
9540,5.775836161158313,10.182846213425766,7.887483253643307
9541,,8.659629472307403,6.429006492243287
9542,,,6.0157992695580935
9543,,6.733164840869261,4.84538389729613
9544,,,5.723296978680512
9545,,,6.8140446144484645
9546,8.063080128874157,11.06844743466649,9.42825370887423
9547,,13.297933854852964,8.925955900194605
9548,,6.901090606718022,4.426600202850436
9549,10.61250303389821,11.127997890873496,10.130437773983074
9550,,,8.688388727188709
9551,,,6.256885490584788
9552,,12.405970713454533,7.018545272721829
9553,,,8.322722258225621
9554,,,5.574794245065614
9555,8.768702025941867,,7.969837801484619
9556,,,7.892407624432169
9557,,,8.366360589804081
9558,,,5.938694851696653
9559,,8.429014408291694,6.312906876063788
9560,,,7.138447734649088
9561,,13.231573639858428,7.444648194816653
9562,,,7.584826431925235
9564,,9.470159441469065,5.321548070750458
9565,,10.63543663406854,5.797850146689472
9567,7.234244183885389,,9.32344986268092
9568,,,9.096221693758109
9569,6.9141119414315,,10.238383094157886
9571,,13.045903965825383,7.640127332781129
9573,,11.899248144929755,9.799150282365034
9574,,,7.294914543182671
9576,,,10.889030310221484
9577,,,7.925091490050697
9578,,,9.42522103935465
9579,,8.343442142858358,6.047599805377041
9581,,,8.9350078804479
9582,,,7.823438460237423
9583,9.955894022074355,11.91516444862564,9.654086577161411
9584,6.479517854430877,,11.511368910545066
9585,,,10.86727986358157
9586,,,6.608043279513646
9587,,6.732220043301117,10.099292749560624
9588,,18.26270791236862,9.391781224492057
9589,,,8.96068174872148
9590,,12.251772054196277,9.594083723408763
9591,,,5.637827020448762
9592,,1.247697427661766,6.930987419674736
9593,6.57562513901156,8.2621399399948,9.532075487894652
9594,,,8.844189280011252
9595,,,8.813359458410513
9596,13.086774290574676,,7.445215779320702
9597,,,8.016672406814948
9598,9.123426357244,11.139208535215218,6.668421001694043
9599,,,9.694045640743244
9600,7.956810499023264,,5.775673565399201
9601,,9.076604836808588,7.406595352430797
9602,,,6.213978158045626
9606,,,8.438351770729344
9607,9.482915971361711,,5.570046940511847
9608,12.671541635488849,8.815805701715082,5.07930710923304
9609,,,5.4202776147618685
9610,10.98020729079344,6.062500013999745,7.993494479408691
9611,,,8.03966537052928
9612,,,9.092178235719883
9613,,9.760838157185438,4.392063343013247
9615,,3.7103364138553134,7.676367781332287
9616,,11.348642470610848,6.902194202926772
9617,11.80221376891004,5.542071735429859,7.462727815499571
9619,,6.263017452886485,4.616960675137815
9620,,,4.803957054378502
9621,,,5.338303999450932
9622,,,6.440703320953436
9624,9.115780260595429,,6.817156432836227
9625,7.926588664208879,,5.384957239016732
9626,,4.276231529045553,7.494321157038101
9627,,4.917140953175072,5.27619374122868
9628,,,5.428120685295465
9629,9.318428458727258,7.138292142227445,6.503322231434488
9630,,7.675294580111512,4.978495872924093
9631,,7.983252001521714,5.079299981708249
9632,,,5.322073616670578
9633,,,5.312673905714823
9634,9.44924223637858,,5.250805914872931
9635,7.3598080230433505,8.44266140490041,5.7207798805472025
9636,,9.112974506511549,3.2250397530404755
9637,,6.59018596808737,3.4444092551477503
9638,,,4.38066330306775
9639,,5.541778451430741,3.994037035630342
9640,,7.659717369971033,6.0742354609643785
9641,,4.821115369522071,5.407664525352169
9642,,,6.810771169163008
9643,,,5.681265710678836
9644,,,6.811531688930528
9645,,,8.231037876640585
9646,,,4.392418036353837
9647,9.67147235942809,9.2630836619045,8.9915606710424
9648,,,
9649,,,7.60000824609662
9651,7.882778149532537,10.393659179603135,5.846684105842775
9653,,,5.041162299274357
9655,,,5.827199632538454
9656,,,5.480569807281796
9657,,,5.498046267428684
9658,,,7.218518342174385
9659,,,6.869368453327924
9660,,,2.6248957272075537
9661,,13.797181992343706,5.946182379014597
9663,,,6.599021094355492
9664,8.862931736932286,16.9084624684806,5.538648766217242
9665,,16.53794902871495,6.551049618126733
9666,,13.34298112832266,10.18201807830804
9667,,,9.67036271927706
9668,,15.166132768970348,8.999522284828945
9669,,17.2865410529508,5.368748407678012
9670,,,6.973994335578171
9671,,,7.6656083909515615
9672,8.305598145145005,,6.899684305017466
9673,,8.555638660252413,7.60118895252627
9676,,12.37766053062296,5.24521863172987
9677,,14.51226371296504,5.855621260819673
9678,,,4.448003640075979
9679,6.069902533907981,8.652838604921843,7.119473182622498
9680,,,5.186594601098019
9681,7.227716557140492,7.52741468564254,6.300101449685661
9682,,,6.289983480348875
9683,,,5.159258440781005
9684,8.129657144075313,,5.129211788143837
9685,,,4.907640047510538
9686,,,6.705843159078487
9687,7.114472797524835,,4.759690946338664
9689,,,6.127158454634938
9690,,,6.591417170518024
9691,,10.4394171221156,6.01739793317488
9692,8.950516185253218,10.48482543213817,7.201534830151802
9693,,,7.123530869524001
9694,,9.59979692622618,9.504300724696844
9695,,,
9696,,,4.364332539249528
9697,8.393555473004163,7.530973189522276,6.835833433640958
9698,,7.309867965317526,9.751493325250417
9699,,10.2401719836692,7.130462469260037
9700,10.096272320710913,8.518556897625366,1.0
9701,9.759608830960891,,5.756569525362603
9703,,,5.975151733654694
9704,,,9.069226386408465
9705,,7.678696618342471,10.273595301390024
9706,,7.091385607564687,4.910764456740269
9707,,,4.129183578749702
9708,,,4.755887883497974
9709,,,4.176797555964523
9710,,,8.055994356879669
9711,,4.695725647940824,9.43919011035524
9712,8.506108822215486,,2.4219169972347854
9713,,,6.074319680764029
9714,10.812425451283996,8.295234969333045,6.548364430248356
9716,8.491954141447515,,5.424118466497436
9717,,7.4851777611889725,4.1143887706559
9718,11.82204769873217,9.741092576746809,8.346414319185195
9719,,,4.807794207406129
9720,,,4.6237607454323655
9721,7.411815595243519,9.220291383716948,3.149534620158474
9722,,10.42415900568786,5.616879606029902
9723,10.831255283625284,9.846388528673575,4.247474364761299
9725,,12.80306584162971,9.954640037822076
9726,,8.888489993387935,5.6665529878746
9727,,12.212135112661295,8.674340475616784
9728,,,5.80639964801985
9729,,6.9550804670015065,6.189946289217433
9730,,,5.705572811240295
9731,,,9.030495712015815
9732,,10.721640621203276,5.058305832567626
9733,9.592505115437902,,7.833572279631941
9735,,,9.612627894410318
9736,,9.193979059327043,9.973084604985202
9737,,,8.036590614326736
9738,,7.424100063744531,6.251649784981784
9739,,10.520638895438294,14.671012033119451
9741,,6.437999564646082,5.586646662796974
9743,10.758410897670045,4.98080240898663,5.7089842048014425
9744,,9.294201531349165,2.3660971005527847
9745,10.29627664784172,,8.369084762723022
9747,,5.101085029695638,3.487661280137196
9748,,8.981948478928699,5.687400706520006
9749,7.204945876433817,,4.519772514299852
9754,,7.982141428034126,7.433918312950628
9755,,,5.3719086016514215
9756,,,6.300736343901519
9757,,7.425737714429745,6.285210597126292
9758,9.697997513743458,,6.173853965396198
9759,,9.486571673860874,2.9992241559856567
9761,,5.679474305724261,8.35228052540296
9762,,,7.770077978324066
9764,,,8.934583388553815
9766,,8.285328964451496,7.579420581808154
9768,,,10.485649683882832
9769,10.391516565432855,14.391162036818876,7.320329692418826
9770,,,9.816464098108238
9771,,,7.893756985406373
9772,,9.285571814919123,7.011847205775901
9774,,10.930011112997036,7.847976160175639
9775,,8.967902242495581,7.09615369336118
9776,,4.349504918260755,12.863746531828912
9777,7.159589681605842,9.9697818868551,6.715602183436414
9778,,,6.245540207065369
9779,,,10.061430990910726
9780,,,9.621812884905356
9781,8.823137205060304,7.1184685200782445,10.285092312678366
9782,,11.74630672336948,10.00609023345149
9783,,,9.12799426367379
9784,,,11.154950372368129
9785,,4.997920329367981,6.1933939843200765
9786,6.90043705449339,7.394165256369873,5.8687470962212975
9787,,8.817801714985851,5.030078152783262
9788,10.320875727113108,,5.132696479734876
9789,9.014325779582538,11.099132412951308,6.225271996980212
9790,16.080442298286748,4.152539868691801,6.387685045238539
9791,,,10.91345524999506
9792,5.103150106566365,,8.265076690122672
9793,,9.572230974939917,10.915117012388809
9794,,,7.540383024995538
9795,,9.241110946357782,9.850445048002776
9796,,8.647344537186893,6.243572546716415
9797,,,8.304816521057292
9798,,7.46205433935439,4.795950671639744
9799,,16.703007955527184,9.953180017636914
9800,,,10.115632248934958
9801,,8.387249059381228,4.98471225997756
9802,8.495858224856914,7.654579168254413,4.872556228956743
9803,,12.980508679446212,8.25568196343314
9804,,6.057028950573052,9.05334128564086
9805,,,9.699523025647956
9806,,6.785490952744462,7.983615285776696
9807,10.078974969875569,,6.972806661564213
9808,,,7.898404963045877
9809,,,8.678931630377026
9810,9.06465907901343,10.42860468278514,9.284659900263817
9811,,,7.533064667944563
9812,,7.365995463306559,7.838234902600565
9813,,8.607786337697029,10.805799193742727
9814,,,8.806936753800102
9815,12.087743477503988,5.1404969906990585,8.225313868122848
9816,,,5.038729282458882
9817,,6.716283821981226,4.836973973793385
9819,,11.724149476620736,4.233355365773756
9820,,7.686793995014483,7.264497665140912
9821,9.164383810634147,14.027286195867914,7.611008070238022
9822,3.772065918550487,,11.583109099098236
9823,,,8.60021793809049
9824,,,12.030203365507276
9825,,14.577274485120853,8.240458970193027
9826,,,11.64286047144827
9827,,8.847984606586238,11.326052988883394
9828,,8.233816956822329,5.893826437393601
9830,,8.771788167185928,8.263665242404862
9831,5.058069775446246,8.895815840487716,
9832,9.967302956430082,10.034910508792604,6.585852631837307
9833,,8.501174211692405,8.137604230593583
9834,,,6.02708298525234
9835,,9.492043635138948,12.44901245836948
9836,7.509383497105205,11.042823228185869,6.835031393272683
9837,11.51067235336988,5.096217412393649,6.206876214047767
9838,,,5.311692705427685
9839,,,8.343550702665357
9840,,,4.399172928926592
9841,,8.321720989006277,5.969422716701144
9843,,,6.120926156848609
9844,,11.51588694750614,8.179272203880029
9845,,15.161487534545708,10.689278178511916
9846,,,8.324977882364115
9847,,,9.800597382261744
9848,,,8.027962962910731
9849,,17.765312300186768,10.01700080858386
9850,2.589706370095664,12.299121270113275,8.600491871635388
9851,,4.903665405677028,6.760794110010416
9852,,,11.818434520240846
9853,,8.781431914314929,9.784215107390851
9854,16.88088251161164,,10.248790607484588
9855,,,4.618416991023173
9856,,14.82595814511427,5.295230635148496
9857,,,5.950384169966403
9858,,,6.918622512522127
9859,,9.483801262050829,9.4205242076617
9860,,9.376248334077916,7.935197495014233
9861,,,7.51631884239573
9862,,6.959627787298388,9.639911658848638
9864,,,11.46126947427327
9866,,,10.15022035568322
9867,,,7.106120355670069
9868,,11.596545445368694,9.45894537336314
9869,,,6.847669819606366
9870,6.303252415138498,,7.683768735174814
9871,,,6.847929089796336
9873,,8.941242178570914,8.4361325515201
9874,,,8.053912131279617
9875,,7.498490746996611,7.195757668958892
9876,3.0317787253812183,12.257908109372778,7.193746980951534
9877,,,11.291593214249888
9878,7.341920666637337,8.783190707872603,9.467897696373328
9879,,,8.615737203357966
9880,,10.105480252303394,6.218884419327686
9881,,,7.890417244265947
9882,,,8.898089569470658
9883,5.4165194185304575,,8.838253602143585
9885,12.396677026104935,,11.31331906663886
9886,,12.554113445744608,5.00063690692672
9887,,10.09040419230134,7.655367969707817
9888,8.281394743233733,11.087755966043307,6.788007968185035
9890,,,8.09045987613684
9891,8.276033720436061,,9.550126221593318
9892,13.321511258004117,,8.896016858263224
9894,9.866074189779994,,9.977398659011856
9895,,,8.267184187185855
9897,5.558471748531475,,4.993847395734526
9898,,,10.645392385395944
9899,,,8.451458800852684
9900,,7.575744400161149,6.32218035990474
9901,,10.182866194077937,8.052261380993617
9902,,11.396241934137068,8.581951543243289
9903,6.857443762087138,,10.800530216153051
9904,,8.779380138809223,8.375767585963239
9905,8.603706139141586,,7.3204553259568925
9906,,,6.425488887358037
9908,9.962760378644356,9.190616523059276,8.040621767078267
9909,11.388333532836896,,6.255353142973486
9910,,,8.749621502874817
9911,,9.259825029002087,8.056547328914327
9912,10.339339796054697,,5.53289837715839
9914,,,7.065625424535029
9915,,,7.357273657133126
9917,,8.705135201411547,7.323381953067868
9918,,,7.569313817318164
9920,,10.043154568239167,10.803725812231916
9921,,,8.030911502226921
9924,3.039973685596042,,7.157981882467297
9925,,,3.01991692075868
9926,,6.745727309225302,4.059332114806293
9927,,,9.69498078722312
9928,,6.230101217424691,11.18791651252872
9929,,,12.417568663071982
9930,,10.893454668007916,9.844776504035671
9932,,10.199106188375596,15.135043076260844
9933,,8.837639182780418,7.866469769228773
9935,,,5.3442003280884585
9937,,,6.474260465861233
9938,,8.524044268570856,9.165138637043375
9939,,7.078529836840332,8.062364779597377
9941,,,9.563959343570705
9942,,5.439751094726757,10.076604566417927
9943,8.737320130938961,,4.73515520148033
9944,13.280614721733777,,7.304048558014905
9945,4.406425440233364,,7.851840558090852
9946,,,9.100399552179375
9947,,10.918127237465551,6.690107529039622
9948,,6.396231769933302,9.49502173241392
9949,,,11.908649082314938
9950,5.385803528634634,17.66857786210042,7.736476333548012
9951,,5.138890077929084,6.714284482649114
9952,,4.52984491827358,6.978215278475007
9953,,7.097567598108324,6.843575359439832
9955,,8.2478291908673,7.132845320457601
9956,,,6.414864413975018
9957,,5.330037159217443,
9958,9.02706975359382,13.581049472836416,8.295852715887623
9959,,5.859480797452281,7.184565742910742
9960,10.370290546675603,6.34186404343812,6.351749291709719
9962,,,6.294297667891566
9963,,,6.39480864500924
9964,,12.799867528068985,10.57860293362562
9965,,,7.749645059391582
9966,,4.853997699217161,7.942449613313236
9968,,8.411287560964462,4.347153221854812
9969,,,6.616468288375966
9970,,,12.345840533615789
9971,,17.11120833449796,6.065757842030083
9972,11.3229575525111,14.655733827900946,7.284575509475429
9973,,11.66907622123505,9.712081730440705
9974,8.731802085790559,7.495447299523525,8.891872160853715
9975,,5.805007582245933,5.813674004069973
9976,,,9.54134899689815
9978,,,6.235189823816087
9979,7.941970789065833,,
9980,,,4.335060697161924
9981,,,4.425287206955336
9982,,,3.8416051975361967
9983,,,9.62909291798438
9984,,6.534077400004573,5.048140973647617
9985,,9.22930854202979,10.3770133355414
9986,,,7.964577724029027
9987,,,4.7146252294715865
9988,10.113370761659494,,8.073940412510863
9990,11.556985826897447,,6.746808962254683
9991,8.953171762248381,,10.097410074554556
9993,,,5.256948991587426
9995,,,7.066999637812344
9996,,11.288270871325777,8.02801694216919
9997,,5.367165988295724,11.8196889133108
9998,,10.811247767961582,11.192669967652057
9999,,,12.163990374017567
10001,10.025721519958974,,
10002,17.73020636970302,9.675710806475,8.567333341236491
10004,,9.31371566233312,3.761884798011504
10005,,,7.51910586298831
10006,5.064760493271771,8.822794499021803,5.901529848202042
10008,,,8.809573504605446
10009,,4.160358815937206,7.939100474812138
10010,,,9.139804088225908
10011,,,7.273509730629495
10012,,,4.447577501735035
10013,,12.989340080071075,7.672701323882725
10014,,,5.211197946259486
10015,7.4317637930956275,,8.170380372953634
10017,,,8.57240458218686
10018,8.832833068661683,7.245280100153442,6.145600955258482
10020,,8.834357972827101,7.528448851455143
10022,9.75802757420225,10.22505602796664,13.210392869046682
10023,,,7.364024458172657
10027,,5.999377054798009,6.186868595846155
14312,8.142517234724826,9.609711032830354,4.585861763351156
14313,,13.94647309314276,4.959856070581258
14314,,11.863475743594972,7.782170949794862
14315,10.2254318405556,,6.540225587848324
14318,8.81371289804526,,4.330818752969848
14319,,,7.520292148040083
15560,,7.492189338368988,6.74701351337026
15591,,12.64139758766784,4.568294352078536
15592,,,7.200990799191287
15593,,,6.895203451542498
18694,,14.023520189925406,6.525209645536705
18696,,10.843153665532078,5.822406795397481
19949,,,6.96214233880918
19950,,,6.473317563506689
19951,,12.26476551514898,7.528099874304062
,,,
